<?xml version="1.0" encoding="UTF-8" standalone="yes"?>
<ModMetaData>
	<name>All Turrets Can Set Forced Target</name>
	<author>BaalEvan</author>
	<packageId>baalevan.allturretscansetforcedtarget</packageId>
  	<description>Version: 1.0.4
Allows to set forced target for all player controlled turrets 
</description>
	<supportedVersions>
    	<li>1.1</li>
    	<li>1.2</li>
    	<li>1.3</li>
		<li>1.4</li>
	</supportedVersions>
	<modDependencies>
		<li>
			<packageId>UnlimitedHugs.HugsLib</packageId>
			<displayName>HugsLib</displayName>
			<downloadUrl>https://github.com/UnlimitedHugs/RimworldHugsLib/releases/latest</downloadUrl>
			<steamWorkshopUrl>steam://url/CommunityFilePage/818773962</steamWorkshopUrl>
		</li>
	</modDependencies>
	<incompatibleWith/>
	<loadBefore/>
	<loadAfter>
		<li>UnlimitedHugs.HugsLib</li>
	</loadAfter>
</ModMetaData>